uniqueID,command,name,trigger,blurb,rolls,type,playbook
move_just_roll,command_just_roll,name_just_roll,trigger_just_roll,blurb_just_roll,true,command_basic_move,
move_fight,command_fight,name_fight,trigger_fight,blurb_fight,true,command_basic_move,
move_defy,command_defy,name_defy,trigger_defy,blurb_defy,true,command_basic_move,
move_stagger,command_stagger,name_stagger,trigger_stagger,blurb_stagger,false,command_basic_move,
move_entice,command_entice,name_entice,trigger_entice,blurb_entice,true,command_basic_move,
move_figure,command_figure,name_figure,trigger_figure,blurb_figure,true,command_basic_move,
move_figure_beast,command_beast_figure,name_figure_beast,trigger_figure_beast,blurb_figure_beast,true,command_playbook_move,command_beast
move_figure_chosen,command_chosen_figure,name_figure_chosen,trigger_figure_chosen,blurb_figure_chosen,true,command_playbook_move,command_chosen
move_figure_devoted,command_devoted_figure,name_figure_devoted,trigger_figure_devoted,blurb_figure_devoted,true,command_playbook_move,command_devoted
move_figure_infamous,command_infamous_figure,name_figure_infamous,trigger_figure_infamous,blurb_figure_infamous,true,command_playbook_move,command_infamous
move_figure_nature,command_nature_figure,name_figure_nature,trigger_figure_nature,blurb_figure_nature,true,command_playbook_move,command_nature
move_figure_scoundrel,command_scoundrel_figure,name_figure_scoundrel,trigger_figure_scoundrel,blurb_figure_scoundrel,true,command_playbook_move,command_scoundrel
move_figure_seeker,command_seeker_figure,name_figure_seeker,trigger_figure_seeker,blurb_figure_seeker,true,command_playbook_move,command_seeker
move_figure_spooky,command_spooky_figure,name_figure_spooky,trigger_figure_spooky,blurb_figure_spooky,true,command_playbook_move,command_spooky
move_figure_trickster,command_trickster_figure,name_figure_trickster,trigger_figure_trickster,blurb_figure_trickster,true,command_playbook_move,command_trickster
move_figure_bloody,command_bloody_figure,name_figure_bloody,trigger_figure_bloody,blurb_figure_bloody,true,command_playbook_move,command_bloody
move_figure_dream,command_dream_figure,name_figure_dream,trigger_figure_dream,blurb_figure_dream,true,command_playbook_move,command_dream
move_figure_ensemble,command_ensemble_figure,name_figure_ensemble,trigger_figure_ensemble,blurb_figure_ensemble,true,command_playbook_move,command_ensemble
move_figure_hologodess,command_hologodess_figure,name_figure_hologodess,trigger_figure_hologodess,blurb_figure_hologodess,true,command_playbook_move,command_hologodess
move_figure_investigator,command_investigator_figure,name_figure_investigator,trigger_figure_investigator,blurb_figure_investigator,true,command_playbook_move,command_investigator
move_figure_legion,command_legion_figure,name_figure_legion,trigger_figure_legion,blurb_figure_legion,true,command_playbook_move,command_legion
move_figure_matriarch,command_matriarch_figure,name_figure_matriarch,trigger_figure_matriarch,blurb_figure_matriarch,true,command_playbook_move,command_matriarch
move_figure_naga,command_naga_figure,name_figure_naga,trigger_figure_naga,blurb_figure_naga,true,command_playbook_move,command_naga
move_figure_sun,command_sun_figure,name_figure_sun,trigger_figure_sun,blurb_figure_sun,true,command_playbook_move,command_sun
move_figure_troubadour,command_troubadour_figure,name_figure_troubadour,trigger_figure_troubadour,blurb_figure_troubadour,true,command_playbook_move,command_troubadour
move_influence,command_influence,name_influence,trigger_influence,blurb_influence,false,command_basic_move,
move_smitten,command_smitten,name_smitten,trigger_smitten,blurb_smitten,false,command_basic_move,
move_smitten_beast,command_beast_smitten,name_smitten_beast,trigger_smitten_beast,blurb_smitten_beast,false,command_playbook_move,command_beast
move_smitten_chosen,command_chosen_smitten,name_smitten_chosen,trigger_smitten_chosen,blurb_smitten_chosen,false,command_playbook_move,command_chosen
move_smitten_devoted,command_devoted_smitten,name_smitten_devoted,trigger_smitten_devoted,blurb_smitten_devoted,false,command_playbook_move,command_devoted
move_smitten_infamous,command_infamous_smitten,name_smitten_infamous,trigger_smitten_infamous,blurb_smitten_infamous,false,command_playbook_move,command_infamous
move_smitten_nature,command_nature_smitten,name_smitten_nature,trigger_smitten_nature,blurb_smitten_nature,false,command_playbook_move,command_nature
move_smitten_scoundrel,command_scoundrel_smitten,name_smitten_scoundrel,trigger_smitten_scoundrel,blurb_smitten_scoundrel,false,command_playbook_move,command_scoundrel
move_smitten_seeker,command_seeker_smitten,name_smitten_seeker,trigger_smitten_seeker,blurb_smitten_seeker,false,command_playbook_move,command_seeker
move_smitten_spooky,command_spooky_smitten,name_smitten_spooky,trigger_smitten_spooky,blurb_smitten_spooky,false,command_playbook_move,command_spooky
move_smitten_trickster,command_trickster_smitten,name_smitten_trickster,trigger_smitten_trickster,blurb_smitten_trickster,false,command_playbook_move,command_trickster
move_smitten_bloody,command_bloody_smitten,name_smitten_bloody,trigger_smitten_bloody,blurb_smitten_bloody,false,command_playbook_move,command_bloody
move_smitten_dream,command_dream_smitten,name_smitten_dream,trigger_smitten_dream,blurb_smitten_dream,false,command_playbook_move,command_dream
move_smitten_ensemble,command_ensemble_smitten,name_smitten_ensemble,trigger_smitten_ensemble,blurb_smitten_ensemble,false,command_playbook_move,command_ensemble
move_smitten_hologodess,command_hologodess_smitten,name_smitten_hologodess,trigger_smitten_hologodess,blurb_smitten_hologodess,false,command_playbook_move,command_hologodess
move_smitten_investigator,command_investigator_smitten,name_smitten_investigator,trigger_smitten_investigator,blurb_smitten_investigator,false,command_playbook_move,command_investigator
move_smitten_legion,command_legion_smitten,name_smitten_legion,trigger_smitten_legion,blurb_smitten_legion,false,command_playbook_move,command_legion
move_smitten_matriarch,command_matriarch_smitten,name_smitten_matriarch,trigger_smitten_matriarch,blurb_smitten_matriarch,false,command_playbook_move,command_matriarch
move_smitten_naga,command_naga_smitten,name_smitten_naga,trigger_smitten_naga,blurb_smitten_naga,false,command_playbook_move,command_naga
move_smitten_sun,command_sun_smitten,name_smitten_sun,trigger_smitten_sun,blurb_smitten_sun,false,command_playbook_move,command_sun
move_smitten_troubadour,command_troubadour_smitten,name_smitten_troubadour,trigger_smitten_troubadour,blurb_smitten_troubadour,false,command_playbook_move,command_troubadour
move_kiss,command_kiss,name_kiss,trigger_kiss,blurb_kiss,false,command_basic_move,
move_support,command_support,name_support,trigger_support,blurb_support,true,command_basic_move,
move_call,command_call,name_call,trigger_call,blurb_call,true,command_special_move,
move_eos,command_eos,name_eos,trigger_eos,blurb_eos,false,command_special_move,
move_beast_feral,command_beast_feral,name_beast_feral,trigger_beast_feral,blurb_beast_feral,false,command_playbook_move,command_beast
move_beast_transform,command_beast_transform,name_beast_transform,trigger_beast_transform,blurb_beast_transform,true,command_playbook_move,command_beast
move_beast_dyke,command_beast_dyke,name_beast_dyke,trigger_beast_dyke,blurb_beast_dyke,false,command_playbook_move,command_beast
move_beast_ferocious,command_beast_ferocious,name_beast_ferocious,trigger_beast_ferocious,blurb_beast_ferocious,false,command_playbook_move,command_beast
move_beast_shameless,command_beast_shameless,name_beast_shameless,trigger_beast_shameless,blurb_beast_shameless,false,command_playbook_move,command_beast
move_beast_tenacious,command_beast_tenacious,name_beast_tenacious,trigger_beast_tenacious,blurb_beast_tenacious,false,command_playbook_move,command_beast
move_beast_tracker,command_beast_tracker,name_beast_tracker,trigger_beast_tracker,blurb_beast_tracker,true,command_playbook_move,command_beast
move_chosen_destiny,command_chosen_destiny,name_chosen_destiny,trigger_chosen_destiny,blurb_chosen_destiny,,command_playbook_move,command_chosen
move_chosen_fated,command_chosen_fated,name_chosen_fated,trigger_chosen_fated,blurb_chosen_fated,,command_playbook_move,command_chosen
move_chosen_who,command_chosen_who,name_chosen_who,trigger_chosen_who,blurb_chosen_who,,command_playbook_move,command_chosen
move_chosen_entourage,command_chosen_entourage,name_chosen_entourage,trigger_chosen_entourage,blurb_chosen_entourage,,command_playbook_move,command_chosen
move_chosen_gossip,command_chosen_gossip,name_chosen_gossip,trigger_chosen_gossip,blurb_chosen_gossip,,command_playbook_move,command_chosen
move_chosen_guidance,command_chosen_guidance,name_chosen_guidance,trigger_chosen_guidance,blurb_chosen_guidance,,command_playbook_move,command_chosen
move_chosen_help_me,command_chosen_help_me,name_chosen_help_me,trigger_chosen_help_me,blurb_chosen_help_me,,command_playbook_move,command_chosen
move_chosen_place,command_chosen_place,name_chosen_place,trigger_chosen_place,blurb_chosen_place,,command_playbook_move,command_chosen
move_devoted_devotion,command_devoted_devotion,name_devoted_devotion,trigger_devoted_devotion,blurb_devoted_devotion,,command_playbook_move,command_devoted
move_devoted_stand,command_devoted_stand,name_devoted_stand,trigger_devoted_stand,blurb_devoted_stand,,command_playbook_move,command_devoted
move_devoted_best,command_devoted_best,name_devoted_best,trigger_devoted_best,blurb_devoted_best,,command_playbook_move,command_devoted
move_devoted_sacrifice,command_devoted_sacrifice,name_devoted_sacrifice,trigger_devoted_sacrifice,blurb_devoted_sacrifice,,command_playbook_move,command_devoted
move_devoted_cause,command_devoted_cause,name_devoted_cause,trigger_devoted_cause,blurb_devoted_cause,,command_playbook_move,command_devoted
move_devoted_rescue,command_devoted_rescue,name_devoted_rescue,trigger_devoted_rescue,blurb_devoted_rescue,,command_playbook_move,command_devoted
move_devoted_conviction,command_devoted_conviction,name_devoted_conviction,trigger_devoted_conviction,blurb_devoted_conviction,,command_playbook_move,command_devoted
move_devoted_hands,command_devoted_hands,name_devoted_hands,trigger_devoted_hands,blurb_devoted_hands,,command_playbook_move,command_devoted
move_devoted_steed,command_devoted_steed,name_devoted_steed,trigger_devoted_steed,blurb_devoted_steed,,command_playbook_move,command_devoted
move_devoted_toxic_devotion,command_devoted_toxic_devotion,name_devoted_toxic_devotion,trigger_devoted_toxic_devotion,blurb_devoted_toxic_devotion,,command_playbook_move,command_devoted
move_infamous_undone,command_infamous_undone,name_infamous_undone,trigger_infamous_undone,blurb_infamous_undone,,command_playbook_move,command_infamous
move_infamous_wicked,command_infamous_wicked,name_infamous_wicked,trigger_infamous_wicked,blurb_infamous_wicked,,command_playbook_move,command_infamous
move_infamous_right,command_infamous_right,name_infamous_right,trigger_infamous_right,blurb_infamous_right,,command_playbook_move,command_infamous
move_infamous_suspect,command_infamous_suspect,name_infamous_suspect,trigger_infamous_suspect,blurb_infamous_suspect,,command_playbook_move,command_infamous
move_infamous_talons,command_infamous_talons,name_infamous_talons,trigger_infamous_talons,blurb_infamous_talons,,command_playbook_move,command_infamous
move_infamous_change,command_infamous_change,name_infamous_change,trigger_infamous_change,blurb_infamous_change,,command_playbook_move,command_infamous
move_infamous_disappointment,command_infamous_disappointment,name_infamous_disappointment,trigger_infamous_disappointment,blurb_infamous_disappointment,,command_playbook_move,command_infamous
move_infamous_home,command_infamous_home,name_infamous_home,trigger_infamous_home,blurb_infamous_home,,command_playbook_move,command_infamous
move_infamous_monster,command_infamous_monster,name_infamous_monster,trigger_infamous_monster,blurb_infamous_monster,,command_playbook_move,command_infamous
move_nature_curiosity,command_nature_curiosity,name_nature_curiosity,trigger_nature_curiosity,blurb_nature_curiosity,,command_playbook_move,command_nature
move_nature_wild,command_nature_wild,name_nature_wild,trigger_nature_wild,blurb_nature_wild,,command_playbook_move,command_nature
move_nature_familiar,command_nature_familiar,name_nature_familiar,trigger_nature_familiar,blurb_nature_familiar,,command_playbook_move,command_nature
move_nature_ship_it,command_nature_ship_it,name_nature_ship_it,trigger_nature_ship_it,blurb_nature_ship_it,,command_playbook_move,command_nature
move_nature_magic_love,command_nature_magic_love,name_nature_magic_love,trigger_nature_magic_love,blurb_nature_magic_love,,command_playbook_move,command_nature
move_nature_touch,command_nature_touch,name_nature_touch,trigger_nature_touch,blurb_nature_touch,,command_playbook_move,command_nature
move_scoundrel_moment,command_scoundrel_moment,name_scoundrel_moment,trigger_scoundrel_moment,blurb_scoundrel_moment,false,command_playbook_move,command_scoundrel
move_scoundrel_heat,command_scoundrel_heat,name_scoundrel_heat,trigger_scoundrel_heat,blurb_scoundrel_heat,true,command_playbook_move,command_scoundrel
move_scoundrel_lust,command_scoundrel_lust,name_scoundrel_lust,trigger_scoundrel_lust,blurb_scoundrel_lust,false,command_playbook_move,command_scoundrel
move_scoundrel_shiny,command_scoundrel_shiny,name_scoundrel_shiny,trigger_scoundrel_shiny,blurb_scoundrel_shiny,true,command_playbook_move,command_scoundrel
move_scoundrel_forgive,command_scoundrel_forgive,name_scoundrel_forgive,trigger_scoundrel_forgive,blurb_scoundrel_forgive,true,command_playbook_move,command_scoundrel
move_scoundrel_rush,command_scoundrel_rush,name_scoundrel_rush,trigger_scoundrel_rush,blurb_scoundrel_rush,false,command_playbook_move,command_scoundrel
move_scoundrel_swordplay,command_scoundrel_swordplay,name_scoundrel_swordplay,trigger_scoundrel_swordplay,blurb_scoundrel_swordplay,true,command_playbook_move,command_scoundrel
move_scoundrel_attraction,command_scoundrel_attraction,name_scoundrel_attraction,trigger_scoundrel_attraction,blurb_scoundrel_attraction,true,command_playbook_move,command_scoundrel
move_scoundrel_port,command_scoundrel_port,name_scoundrel_port,trigger_scoundrel_port,blurb_scoundrel_port,false,command_playbook_move,command_scoundrel
move_scoundrel_rrip,command_scoundrel_rrip,name_scoundrel_rrip,trigger_scoundrel_rrip,blurb_scoundrel_rrip,false,command_playbook_move,command_scoundrel
move_seeker_tradition,command_seeker_tradition,name_seeker_tradition,trigger_seeker_tradition,blurb_seeker_tradition,,command_playbook_move,command_seeker
move_seeker_commandments,command_seeker_commandments,name_seeker_commandments,trigger_seeker_commandments,blurb_seeker_commandments,,command_playbook_move,command_seeker
move_seeker_convictions,command_seeker_convictions,name_seeker_convictions,trigger_seeker_convictions,blurb_seeker_convictions,,command_playbook_move,command_seeker
move_seeker_people,command_seeker_people,name_seeker_people,trigger_seeker_people,blurb_seeker_people,,command_playbook_move,command_seeker
move_seeker_me,command_seeker_me,name_seeker_me,trigger_seeker_me,blurb_seeker_me,,command_playbook_move,command_seeker
move_seeker_bad,command_seeker_bad,name_seeker_bad,trigger_seeker_bad,blurb_seeker_bad,,command_playbook_move,command_seeker
move_seeker_learn,command_seeker_learn,name_seeker_learn,trigger_seeker_learn,blurb_seeker_learn,,command_playbook_move,command_seeker
move_seeker_courtship,command_seeker_courtship,name_seeker_courtship,trigger_seeker_courtship,blurb_seeker_courtship,,command_playbook_move,command_seeker
move_seeker_tourist,command_seeker_tourist,name_seeker_tourist,trigger_seeker_tourist,blurb_seeker_tourist,,command_playbook_move,command_seeker
move_seeker_lip,command_seeker_lip,name_seeker_lip,trigger_seeker_lip,blurb_seeker_lip,,command_playbook_move,command_seeker
move_spooky_unseen,command_spooky_unseen,name_spooky_unseen,trigger_spooky_unseen,blurb_spooky_unseen,false,command_playbook_move,command_spooky
move_spooky_commune,command_spooky_commune,name_spooky_commune,trigger_spooky_commune,blurb_spooky_commune,true,command_playbook_move,command_spooky
move_spooky_snails,command_spooky_snails,name_spooky_snails,trigger_spooky_snails,blurb_spooky_snails,false,command_playbook_move,command_spooky
move_spooky_dance,command_spooky_dance,name_spooky_dance,trigger_spooky_dance,blurb_spooky_dance,true,command_playbook_move,command_spooky
move_spooky_divination,command_spooky_divination,name_spooky_divination,trigger_spooky_divination,blurb_spooky_divination,true,command_playbook_move,command_spooky
move_spooky_dream,command_spooky_dreamwalk,name_spooky_dreamwalk,trigger_spooky_dreamwalk,blurb_spooky_dreamwalk,false,command_playbook_move,command_spooky
move_spooky_companion,command_spooky_companion,name_spooky_companion,trigger_spooky_companion,blurb_spooky_companion,false,command_playbook_move,command_spooky
move_spooky_places,command_spooky_places,name_spooky_places,trigger_spooky_places,blurb_spooky_places,false,command_playbook_move,command_spooky
move_spooky_nerdy,command_spooky_nerdy,name_spooky_nerdy,trigger_spooky_nerdy,blurb_spooky_nerdy,true,command_playbook_move,command_spooky
move_spooky_witch,command_spooky_witch,name_spooky_witch,trigger_spooky_witch,blurb_spooky_witch,true,command_playbook_move,command_spooky
move_trickster_feelings,command_trickster_feelings,name_trickster_feelings,trigger_trickster_feelings,blurb_trickster_feelings,,command_playbook_move,command_trickster
move_trickster_ew,command_trickster_ew,name_trickster_ew,trigger_trickster_ew,blurb_trickster_ew,,command_playbook_move,command_trickster
move_trickster_mask,command_trickster_mask,name_trickster_mask,trigger_trickster_mask,blurb_trickster_mask,,command_playbook_move,command_trickster
move_trickster_web,command_trickster_web,name_trickster_web,trigger_trickster_web,blurb_trickster_web,,command_playbook_move,command_trickster
move_trickster_fingers,command_trickster_fingers,name_trickster_fingers,trigger_trickster_fingers,blurb_trickster_fingers,,command_playbook_move,command_trickster
move_trickster_scheme,command_trickster_scheme,name_trickster_scheme,trigger_trickster_scheme,blurb_trickster_scheme,,command_playbook_move,command_trickster
move_trickster_behind,command_trickster_behind,name_trickster_behind,trigger_trickster_behind,blurb_trickster_behind,,command_playbook_move,command_trickster
move_trickster_play,command_trickster_play,name_trickster_play,trigger_trickster_play,blurb_trickster_play,,command_playbook_move,command_trickster
move_bloody_reputation,command_bloody_reputation,name_bloody_reputation,trigger_bloody_reputation,blurb_bloody_reputation,,command_playbook_move,command_bloody
move_bloody_victories_scars,command_bloody_victories_scars,name_bloody_victories_scars,trigger_bloody_victories_scars,blurb_bloody_victories_scars,,command_playbook_move,command_bloody
move_bloody_juggernaut,command_bloody_juggernaut,name_bloody_juggernaut,trigger_bloody_juggernaut,blurb_bloody_juggernaut,,command_playbook_move,command_bloody
move_bloody_wolves,command_bloody_wolves,name_bloody_wolves,trigger_bloody_wolves,blurb_bloody_wolves,,command_playbook_move,command_bloody
move_bloody_bundle,command_bloody_bundle,name_bloody_bundle,trigger_bloody_bundle,blurb_bloody_bundle,,command_playbook_move,command_bloody
move_bloody_milkshake,command_bloody_milkshake,name_bloody_milkshake,trigger_bloody_milkshake,blurb_bloody_milkshake,,command_playbook_move,command_bloody
move_bloody_things,command_bloody_things,name_bloody_things,trigger_bloody_things,blurb_bloody_things,,command_playbook_move,command_bloody
move_bloody_wolf_cub,command_bloody_wolf_cub,name_bloody_wolf_cub,trigger_bloody_wolf_cub,blurb_bloody_wolf_cub,,command_playbook_move,command_bloody
move_dream_strings_attached,command_dream_strings_attached,name_dream_strings_attached,trigger_dream_strings_attached,blurb_dream_strings_attached,,command_playbook_move,command_dream
move_dream_insight,command_dream_insight,name_dream_insight,trigger_dream_insight,blurb_dream_insight,,command_playbook_move,command_dream
move_dream_tangled,command_dream_tangled,name_dream_tangled,trigger_dream_tangled,blurb_dream_tangled,,command_playbook_move,command_dream
move_dream_reflection,command_dream_reflection,name_dream_reflection,trigger_dream_reflection,blurb_dream_reflection,,command_playbook_move,command_dream
move_dream_their_dream,command_dream_their_dream,name_dream_their_dream,trigger_dream_their_dream,blurb_dream_their_dream,,command_playbook_move,command_dream
move_dream_hug,command_dream_hug,name_dream_hug,trigger_dream_hug,blurb_dream_hug,,command_playbook_move,command_dream
move_dream_ball,command_dream_ball,name_dream_ball,trigger_dream_ball,blurb_dream_ball,,command_playbook_move,command_dream
move_dream_antique,command_dream_antique,name_dream_antique,trigger_dream_antique,blurb_dream_antique,,command_playbook_move,command_dream
move_dream_mimesis,command_dream_mimesis,name_dream_mimesis,trigger_dream_mimesis,blurb_dream_mimesis,,command_playbook_move,command_dream
move_dream_new_black,command_dream_new_black,name_dream_new_black,trigger_dream_new_black,blurb_dream_new_black,,command_playbook_move,command_dream
move_dream_sorry,command_dream_sorry,name_dream_sorry,trigger_dream_sorry,blurb_dream_sorry,,command_playbook_move,command_dream
move_dream_toy_soldier,command_dream_toy_soldier,name_dream_toy_soldier,trigger_dream_toy_soldier,blurb_dream_toy_soldier,,command_playbook_move,command_dream
move_ensemble_harmony,command_ensemble_harmony,name_ensemble_harmony,trigger_ensemble_harmony,blurb_ensemble_harmony,,command_playbook_move,command_ensemble
move_ensemble_form,command_ensemble_form,name_ensemble_form,trigger_ensemble_form,blurb_ensemble_form,,command_playbook_move,command_ensemble
move_ensemble_duality,command_ensemble_duality,name_ensemble_duality,trigger_ensemble_duality,blurb_ensemble_duality,,command_playbook_move,command_ensemble
move_ensemble_synchronize,command_ensemble_synchronize,name_ensemble_synchronize,trigger_ensemble_synchronize,blurb_ensemble_synchronize,,command_playbook_move,command_ensemble
move_ensemble_compartmentalize,command_ensemble_compartmentalize,name_ensemble_compartmentalize,trigger_ensemble_compartmentalize,blurb_ensemble_compartmentalize,,command_playbook_move,command_ensemble
move_ensemble_public,command_ensemble_public,name_ensemble_public,trigger_ensemble_public,blurb_ensemble_public,,command_playbook_move,command_ensemble
move_ensemble_wavelength,command_ensemble_wavelength,name_ensemble_wavelength,trigger_ensemble_wavelength,blurb_ensemble_wavelength,,command_playbook_move,command_ensemble
move_ensemble_heads,command_ensemble_heads,name_ensemble_heads,trigger_ensemble_heads,blurb_ensemble_heads,,command_playbook_move,command_ensemble
move_ensemble_actually,command_ensemble_actually,name_ensemble_actually,trigger_ensemble_actually,blurb_ensemble_actually,,command_playbook_move,command_ensemble
move_ensemble_wingmate,command_ensemble_wingmate,name_ensemble_wingmate,trigger_ensemble_wingmate,blurb_ensemble_wingmate,,command_playbook_move,command_ensemble
move_hologodess_hologlamour,command_hologodess_hologlamour,name_hologodess_hologlamour,trigger_hologodess_hologlamour,blurb_hologodess_hologlamour,,command_playbook_move,command_hologodess
move_hologodess_anti_virus,command_hologodess_anti_virus,name_hologodess_anti_virus,trigger_hologodess_anti_virus,blurb_hologodess_anti_virus,,command_playbook_move,command_hologodess
move_hologodess_orchestra,command_hologodess_orchestra,name_hologodess_orchestra,trigger_hologodess_orchestra,blurb_hologodess_orchestra,,command_playbook_move,command_hologodess
move_hologodess_encartography,command_hologodess_encartography,name_hologodess_encartography,trigger_hologodess_encartography,blurb_hologodess_encartography,,command_playbook_move,command_hologodess
move_hologodess_multi,command_hologodess_multi,name_hologodess_multi,trigger_hologodess_multi,blurb_hologodess_multi,,command_playbook_move,command_hologodess
move_hologodess_precision,command_hologodess_precision,name_hologodess_precision,trigger_hologodess_precision,blurb_hologodess_precision,,command_playbook_move,command_hologodess
move_hologodess_emergency,command_hologodess_emergency,name_hologodess_emergency,trigger_hologodess_emergency,blurb_hologodess_emergency,,command_playbook_move,command_hologodess
move_hologodess_numbers,command_hologodess_numbers,name_hologodess_numbers,trigger_hologodess_numbers,blurb_hologodess_numbers,,command_playbook_move,command_hologodess
move_hologodess_drone,command_hologodess_drone,name_hologodess_drone,trigger_hologodess_drone,blurb_hologodess_drone,,command_playbook_move,command_hologodess
move_investigator_suspicion,command_investigator_suspicion,name_investigator_suspicion,trigger_investigator_suspicion,blurb_investigator_suspicion,,command_playbook_move,command_investigator
move_investigator_trust,command_investigator_trust,name_investigator_trust,trigger_investigator_trust,blurb_investigator_trust,,command_playbook_move,command_investigator
move_investigator_theorizing,command_investigator_theorizing,name_investigator_theorizing,trigger_investigator_theorizing,blurb_investigator_theorizing,,command_playbook_move,command_investigator
move_investigator_reveal,command_investigator_reveal,name_investigator_reveal,trigger_investigator_reveal,blurb_investigator_reveal,,command_playbook_move,command_investigator
move_investigator_trust_me,command_investigator_trust_me,name_investigator_trust_me,trigger_investigator_trust_me,blurb_investigator_trust_me,,command_playbook_move,command_investigator
move_investigator_attention,command_investigator_attention,name_investigator_attention,trigger_investigator_attention,blurb_investigator_attention,,command_playbook_move,command_investigator
move_investigator_one_more,command_investigator_one_more,name_investigator_one_more,trigger_investigator_one_more,blurb_investigator_one_more,,command_playbook_move,command_investigator
move_investigator_misdirection,command_investigator_misdirection,name_investigator_misdirection,trigger_investigator_misdirection,blurb_investigator_misdirection,,command_playbook_move,command_investigator
move_investigator_room,command_investigator_room,name_investigator_room,trigger_investigator_room,blurb_investigator_room,,command_playbook_move,command_investigator
move_legion_tragedy,command_legion_tragedy,name_legion_tragedy,trigger_legion_tragedy,blurb_legion_tragedy,,command_playbook_move,command_legion
move_legion_heavens,command_legion_heavens,name_legion_heavens,trigger_legion_heavens,blurb_legion_heavens,,command_playbook_move,command_legion
move_legion_a_while,command_legion_a_while,name_legion_a_while,trigger_legion_a_while,blurb_legion_a_while,,command_playbook_move,command_matriarch
move_legion_bones,command_legion_bones,name_legion_bones,trigger_legion_bones,blurb_legion_bones,,command_playbook_move,command_matriarch
move_legion_wanted,command_legion_wanted,name_legion_wanted,trigger_legion_wanted,blurb_legion_wanted,,command_playbook_move,command_matriarch
move_legion_weapon,command_legion_weapon,name_legion_weapon,trigger_legion_wanted,blurb_legion_weapon,,command_playbook_move,command_matriarch
move_legion_skeins,command_legion_skeins,name_legion_skeins,trigger_legion_skeins,blurb_legion_skeins,,command_playbook_move,command_matriarch
move_legion_song,command_legion_song,name_legion_song,trigger_legion_song,blurb_legion_song,,command_playbook_move,command_matriarch
move_matriarch_family,command_matriarch_family,name_matriarch_family,trigger_matriarch_family,blurb_matriarch_family,,command_playbook_move,command_matriarch
move_matriarch_community,command_matriarch_community,name_matriarch_community,trigger_matriarch_community,blurb_matriarch_community,,command_playbook_move,command_matriarch
move_matriarch_will,command_matriarch_will,name_matriarch_will,trigger_matriarch_will,blurb_matriarch_will,,command_playbook_move,command_matriarch
move_matriarch_around,command_matriarch_around,name_matriarch_around,trigger_matriarch_around,blurb_matriarch_around,,command_playbook_move,command_matriarch
move_matriarch_power,command_matriarch_power,name_matriarch_power,trigger_matriarch_power,blurb_matriarch_power,,command_playbook_move,command_matriarch
move_matriarch_meeting,command_matriarch_meeting,name_matriarch_meeting,trigger_matriarch_meeting,blurb_matriarch_meeting,,command_playbook_move,command_matriarch
move_matriarch_recipe,command_matriarch_recipe,name_matriarch_recipe,trigger_matriarch_recipe,blurb_matriarch_recipe,,command_playbook_move,command_matriarch
move_matriarch_in,command_matriarch_in,name_matriarch_in,trigger_matriarch_in,blurb_matriarch_in,,command_playbook_move,command_matriarch
move_matriarch_real,command_matriarch_real,name_matriarch_real,trigger_matriarch_real,blurb_matriarch_real,,command_playbook_move,command_matriarch
move_naga_nagamani,command_naga_nagamani,name_naga_nagamani,trigger_naga_nagamani,blurb_naga_nagamani,,command_playbook_move,command_naga
move_naga_venom,command_naga_venom,name_naga_venom,trigger_naga_venom,blurb_naga_venom,,command_playbook_move,command_naga
move_naga_many_faces,command_naga_many_faces,name_naga_many_faces,trigger_naga_many_faces,blurb_naga_many_faces,,command_playbook_move,command_naga
move_naga_no_more,command_naga_no_more,name_naga_no_more,trigger_naga_no_more,blurb_naga_no_more,,command_playbook_move,command_naga
move_naga_loyal,command_naga_loyal,name_naga_loyal,trigger_naga_loyal,blurb_naga_loyal,,command_playbook_move,command_naga
move_naga_slippery,command_naga_slippery,name_naga_slippery,trigger_naga_slippery,blurb_naga_slippery,,command_playbook_move,command_naga
move_naga_coming,command_naga_coming,name_naga_coming,trigger_naga_coming,blurb_naga_coming,,command_playbook_move,command_naga
move_naga_trust_me,command_naga_trust_me,name_naga_trust_me,trigger_naga_trust_me,blurb_naga_trust_me,,command_playbook_move,command_naga
move_sun_destruct,command_sun_destruct,name_sun_destruct,trigger_sun_destruct,blurb_sun_destruct,false,command_playbook_move,command_sun
move_sun_baking,command_sun_baking,name_sun_baking,trigger_sun_baking,blurb_sun_baking,true,command_playbook_move,command_sun
move_sun_ground,command_sun_ground,name_sun_ground,trigger_sun_ground,blurb_sun_ground,false,command_playbook_move,command_sun
move_sun_friend,command_sun_friend,name_sun_friend,trigger_sun_friend,blurb_sun_friend,false,command_playbook_move,command_sun
move_sun_focus,command_sun_focus,name_sun_focus,trigger_sun_focus,blurb_sun_focus,false,command_playbook_move,command_sun
move_sun_know,command_sun_know,name_sun_know,trigger_sun_know,blurb_sun_know,false,command_playbook_move,command_sun
move_sun_defiance,command_sun_defiance,name_sun_defiance,trigger_sun_defiance,blurb_sun_defiance,false,command_playbook_move,command_sun
move_sun_reinforcement,command_sun_reinforcement,name_sun_reinforcement,trigger_sun_reinforcement,blurb_sun_reinforcement,false,command_playbook_move,command_sun
move_troubadour_art,command_troubadour_art,name_troubadour_art,trigger_troubadour_art,blurb_troubadour_art,,command_playbook_move,command_troubadour
move_troubadour_patron,command_troubadour_patron,name_troubadour_patron,trigger_troubadour_patron,blurb_troubadour_patron,,command_playbook_move,command_troubadour
move_troubadour_limelight,command_troubadour_limelight,name_troubadour_limelight,trigger_troubadour_limelight,blurb_troubadour_limelight,,command_playbook_move,command_troubadour
move_troubadour_craving,command_troubadour_craving,name_troubadour_craving,trigger_troubadour_craving,blurb_troubadour_craving,,command_playbook_move,command_troubadour
move_troubadour_number_beast,command_troubadour_number_beast,name_troubadour_number_beast,trigger_troubadour_number_beast,blurb_troubadour_number_beast,,command_playbook_move,command_troubadour
move_troubadour_haze,command_troubadour_haze,name_troubadour_haze,trigger_troubadour_haze,blurb_troubadour_haze,,command_playbook_move,command_troubadour
move_troubadour_star,command_troubadour_star,name_troubadour_star,trigger_troubadour_star,blurb_troubadour_star,,command_playbook_move,command_troubadour
move_troubadour_devil,command_troubadour_devil,name_troubadour_devil,trigger_troubadour_devil,blurb_troubadour_devil,,command_playbook_move,command_troubadour
move_troubadour_rock_you,command_troubadour_rock_you,name_troubadour_rock_you,trigger_troubadour_rock_you,blurb_troubadour_rock_you,,command_playbook_move,command_troubadour